<?xml version="1.0" encoding="UTF-8" standalone="yes"?>
<manifest>
  <control namespace="Insurgo" constructor="JsonFormComponent" version="1.4.0" display-name-key="Json Form Component" description-key="Display JSON format text as a Bootstrap Form." control-type="standard" api-version="1.2.3">
    <type-group name="strings">
      <type>Multiple</type>
      <type>SingleLine.Text</type>
      <type>SingleLine.TextArea</type>
    </type-group>
    <property name="StringProperty" display-name-key="String Property" description-key="JSON represent value of PCF." of-type-group="strings" usage="bound" required="true"/>
    <property name="ControlFormJson" display-name-key="Control Form Json" description-key="Collection of controls to define the value of the PCF." of-type-group="strings" usage="input" required="true"/>
    <resources>
      <code path="bundle.js" order="1"/>
      <css path="bootstrap.min.css" order="1"/>
      <css path="css/site.css" order="2"/>
    </resources>
    <feature-usage>
      <uses-feature name="Utility" required="true"/>
    </feature-usage>
    <built-by name="pac" version="1.5.5"/>
  </control>
</manifest>